館別,展覽名稱,展覽日期,展覽主題,展覽連結,展覽圖片,展覽地點,展覽時間,展覽類別,備註
松山文創園區,松山文創園區- 9月展演攻略,2026-09-01 - 2026-09-30,,https://www.songshanculturalpark.org/exhibition/activity/757e4366-eb9c-4bf5-b199-c41487afb885,https://www.songshanculturalpark.org/gallery/1642315429_0ef7808505cdd3fc41cb.jpg,松山文創園區,,,
松山文創園區,松菸夜光花園 光影展 THE LUMINOUS GARDEN,2026-01-31 - 2026-12-31,,https://www.songshanculturalpark.org/exhibition/activity/07e87658-6bea-4715-b633-5e44cd2d9e30,https://www.songshanculturalpark.org/gallery/1783060189_ff5af8ecfaf8f6455b68.jpg,松山文創園區 巴洛克花園 Songshan Cultural and Creative Park︱Baroque Garden,,,
松山文創園區,2026 TILF 台灣國際品酒生活,2026-09-18 - 2026-09-20,,https://www.songshanculturalpark.org/exhibition/activity/3dd86da8-b167-419d-b697-5bf50ad16399,https://www.songshanculturalpark.org/gallery/1789723418_19d92d856577f3449c99.jpg,松山文創園區 2、3 號倉庫,,,
松山文創園區,《Mundo Pixar Experience》皮克斯世界巡迴展 POP-UP 快閃活動,2026-09-19 - 2026-09-20,,https://www.songshanculturalpark.org/exhibition/activity/180f0db1-3987-4756-859c-cbf76a695d50,https://www.songshanculturalpark.org/gallery/1788402601_45a55c4927ace8d45ceb.jpg,松山文創園區,,,
松山文創園區,職感部落 WORK & LIFE TRIBE,2026-09-19 - 2026-09-20,,https://www.songshanculturalpark.org/exhibition/activity/34164cb7-bced-463a-9d83-66e141e39b8a,https://www.songshanculturalpark.org/gallery/1788414357_f230c7f2bcadd8f4b3b4.jpg,松山文創園區 多功能展演廳,,,
松山文創園區,2026 澳洲教育展 盛大開展,2026-09-19 - 2026-09-20,,https://www.songshanculturalpark.org/exhibition/activity/ecb119a6-7dd6-4fe4-8c98-97180b206fd1,https://www.songshanculturalpark.org/gallery/1787282018_973441aef810e05143a0.jpg,松山文創園區 1 號倉庫,,,
松山文創園區,八三夭 [ 那個老地方 ] 義賣複合展覽,2026-09-23 - 2026-09-24,,https://www.songshanculturalpark.org/exhibition/activity/7ff01691-6be8-4fcf-a6f0-877658fb5f52,https://www.songshanculturalpark.org/gallery/1789611940_f5d42cb66f36e7d0acae.jpg,松山文創園區 藝巷空間,,,
松山文創園區,ANKYUNGMANDOO 眼鏡餃子小鎮 快閃店,2026-09-01 - 2026-09-29,,https://www.songshanculturalpark.org/exhibition/activity/158befad-0061-4403-bd54-7c545dd5907d,https://www.songshanculturalpark.org/gallery/1787291701_be1a2573b39015701e3b.jpg,松山文創園區 藝思空間,,,
松山文創園區,「數據賦能 公益創新」數據應用輔導成果分享暨交流論壇,2026-09-22,,https://www.songshanculturalpark.org/exhibition/activity/1b271588-7481-4fc4-a591-bf73bf0b73db,https://www.songshanculturalpark.org/gallery/1788932498_00d87c3178aaa7bd3f1b.jpg,松山文創園區 多功能展演廳,,,
松山文創園區,LANDSCAPES TO-GO 地景選物店,2026-07-01 - 2026-09-28,,https://www.songshanculturalpark.org/exhibition/activity/f398feec-d38d-4df4-86ea-b2afb13ed3ce,https://www.songshanculturalpark.org/gallery/1784775174_ad51ec7d2200993fea49.jpg,松菸風格店家主題展區,,,
松山文創園區,KYBUBI POPUP STORE（台北站）,2026-08-06 - 2026-09-28,,https://www.songshanculturalpark.org/exhibition/activity/c5c7e237-cb4a-4c43-af9e-9a37131613cb,https://www.songshanculturalpark.org/gallery/1786328848_1dee428a9564b638b072.jpg,松山文創園區 南向製菸工廠,,,
松山文創園區,史努比的藝術人生：快閃小巡迴（台北站）,2026-08-06 - 2026-09-28,,https://www.songshanculturalpark.org/exhibition/activity/c64a0dee-b436-408d-b527-b141ab24a202,https://www.songshanculturalpark.org/gallery/1786329692_013ac066e09730931003.jpg,松山文創園區 南向製菸工廠,,,
松山文創園區,臨時公共空間的臨時展覽,2026-08-11 - 2026-10-04,,https://www.songshanculturalpark.org/exhibition/activity/78965588-eee7-4b24-bf52-a785dfefe102,https://www.songshanculturalpark.org/gallery/1787108143_43731fbe0072244e3f29.jpg,松山文創園區・台灣設計館 01 展間,,,
松山文創園區,2026 原創服裝大賞頒獎典禮系列活動,2026-10-02 - 2026-10-04,,https://www.songshanculturalpark.org/exhibition/activity/b57ef955-2d9a-4e67-81bc-f99af969f954,https://www.songshanculturalpark.org/gallery/1788144068_d0f253262f58123f5042.jpg,松山文創園區 1 號倉庫,,,
松山文創園區,2026 國際住棚節文化市集,2026-09-26 - 2026-09-27,,https://www.songshanculturalpark.org/exhibition/activity/ebb54aa0-e9df-4544-b0ae-3cc2b3e27398,https://www.songshanculturalpark.org/gallery/1785996352_25078d58d692352f2333.jpg,松山文創園區 文創大街,,,
國立故宮博物院,匯流1950：新入藏文物風華,2026-09-11~2028-09-10,#圖書文獻　#器物,https://www.npm.gov.tw/Exhibition-Content.aspx?sno=04014553&l=1&type=&cat=,https://www.npm.gov.tw/NewFileAtt.ashx?name=exbitBig/04014553/34059310.jpg,北部院區　第一展覽館304,,#圖書文獻　#器物,
國立故宮博物院,《龍藏經》：皇權・信仰・藝術的盛世交響 (I) (II),2026-05-09~2026-11-08,#繪畫　#圖書文獻　#器物,https://www.npm.gov.tw/Exhibition-Content.aspx?sno=04014505&l=1&type=&cat=,https://www.npm.gov.tw/NewFileAtt.ashx?name=exbitBig/04014505/34059142.jpg,"北部院區　第一展覽館103,104",,#繪畫　#圖書文獻　#器物,
國立故宮博物院,看得見的紅樓夢,2024-05-17~2027-08-15,#陶瓷　#玉器　#珍玩　#圖書文獻　#器物,https://www.npm.gov.tw/Exhibition-Content.aspx?sno=04013668&l=1&type=&cat=,https://www.npm.gov.tw/NewFileAtt.ashx?name=exbitBig/04013668/34056340.jpg,北部院區　第一展覽館203,,#陶瓷　#玉器　#珍玩　#圖書文獻　#器物,
國立故宮博物院,愛硯成痴特展,2023-09-28~2027-05-25,#陶瓷　#玉器　#珍玩　#圖書文獻　#器物,https://www.npm.gov.tw/Exhibition-Content.aspx?sno=04013438&l=1&type=&cat=,https://www.npm.gov.tw/NewFileAtt.ashx?name=exbitBig/04013438/34055622.jpg,北部院區　第一展覽館303,,#陶瓷　#玉器　#珍玩　#圖書文獻　#器物,
國立故宮博物院,華麗魔法屋─故宮的洛可可珍藏,2021-12-24~,#器物,https://www.npm.gov.tw/Exhibition-Content.aspx?sno=04012832&l=1&type=&cat=,https://www.npm.gov.tw/NewFileAtt.ashx?name=exbitBig/04012832/34054063.jpg,"北部院區　第一展覽館300,301",,#器物,
國立故宮博物院,經典之美—新媒體藝術展,2021-11-02~,#數位新媒體,https://www.npm.gov.tw/Exhibition-Content.aspx?sno=04011058&l=1&type=&cat=,https://www.npm.gov.tw/NewFileAtt.ashx?name=exbitBig/04011058/34053253.jpg,北部院區　第一展覽館210,,#數位新媒體,
國立故宮博物院,兒童學藝中心,2020-07-01~,#繪畫　#數位新媒體　#器物,https://www.npm.gov.tw/Exhibition-Content.aspx?sno=04013724&l=1&type=&cat=,https://www.npm.gov.tw/NewFileAtt.ashx?name=exbitBig/04013724/34056526.jpg,北部院區　第一展覽館B1,,#繪畫　#數位新媒體　#器物,
國立故宮博物院,貴冑榮華─清代宮廷的日常風景,2020-05-01~,#珍玩　#器物,https://www.npm.gov.tw/Exhibition-Content.aspx?sno=04011291&l=1&type=&cat=,https://www.npm.gov.tw/NewFileAtt.ashx?name=exbitBig/04011291/34053242.jpg,北部院區　第一展覽館108,,#珍玩　#器物,
國立故宮博物院,南北故宮　國寶薈萃,2017-11-02~,#珍玩,https://www.npm.gov.tw/Exhibition-Content.aspx?sno=04009612&l=1&type=&cat=,https://www.npm.gov.tw/NewFileAtt.ashx?name=exbitBig/04009612/34053243.jpg,北部院區　第一展覽館302,,#珍玩,
國立故宮博物院,集瓊藻—院藏珍玩精華展,常設展,#珍玩,https://www.npm.gov.tw/Exhibition-Content.aspx?sno=04005700&l=1&type=&cat=,https://www.npm.gov.tw/NewFileAtt.ashx?name=exbitBig/04005700/34053244.jpg,北部院區　第一展覽館106,,#珍玩,
國立故宮博物院,敬天格物—院藏玉器精華展,常設展,#玉器,https://www.npm.gov.tw/Exhibition-Content.aspx?sno=04000590&l=1&type=&cat=,https://www.npm.gov.tw/NewFileAtt.ashx?name=exbitBig/04000590/34053245.jpg,"北部院區　第一展覽館306,308",,#玉器,
國立故宮博物院,吉金耀采—院藏銅器精華展,常設展,#銅器,https://www.npm.gov.tw/Exhibition-Content.aspx?sno=04000576&l=1&type=&cat=,https://www.npm.gov.tw/NewFileAtt.ashx?name=exbitBig/04000576/34053248.jpg,"北部院區　第一展覽館305,307",,#銅器,
國立故宮博物院,摶泥幻化—院藏陶瓷精華展,常設展,#陶瓷,https://www.npm.gov.tw/Exhibition-Content.aspx?sno=04000569&l=1&type=&cat=,https://www.npm.gov.tw/NewFileAtt.ashx?name=exbitBig/04000569/34053249.jpg,"北部院區　第一展覽館201,205,207",,#陶瓷,
國立故宮博物院,慈悲與智慧—宗教雕塑藝術,常設展,#銅器,https://www.npm.gov.tw/Exhibition-Content.aspx?sno=04000459&l=1&type=&cat=,https://www.npm.gov.tw/NewFileAtt.ashx?name=exbitBig/04000459/34053221.jpg,北部院區　第一展覽館101,,#銅器,
台北當代藝術館,野草不服管,07 / 11Sat. - 09 / 20Sun.,,https://www.moca.taipei/tw/ExhibitionAndEvent/Info/%E9%87%8E%E8%8D%89%E4%B8%8D%E6%9C%8D%E7%AE%A1,https://www.moca.taipei/upload/2026_06_193/2026061914430353gg8mOiJ2.jpg,MoCA STUDIO,,,
台北當代藝術館,叢靈開始—黃怡嘉個展,09 / 12Sat. - 11 / 08Sun.,,https://www.moca.taipei/tw/ExhibitionAndEvent/Info/%E5%8F%A2%E9%9D%88%E9%96%8B%E5%A7%8B%E2%80%94%E9%BB%83%E6%80%A1%E5%98%89%E5%80%8B%E5%B1%95,https://www.moca.taipei/upload/2026_09_073/20260907101447qv3l92jWO2.jpg,MoCA Video,,,
台北當代藝術館,美術館之後,09 / 19Sat. - 12 / 31Thu.,,https://www.moca.taipei/tw/ExhibitionAndEvent/Info/%E7%BE%8E%E8%A1%93%E9%A4%A8%E4%B9%8B%E5%BE%8C,https://www.moca.taipei/upload/2026_08_253/202608251605134k7o3z6Mi1.jpg,,,,
華山1914文化創意產業園區,CHIIKAWA DAYS 台北特展,202607.04(六) - 202609.27(日),,https://www.huashan1914.com/w/huashan1914/exhibition_26061619433530946,https://media.huashan1914.com/WebUPD/huashan1914/exhibition/%E8%8F%AF%E5%B1%B1_%E5%AE%98%E7%B6%B2%E9%A6%96%E5%9C%96_1920x1080px_26061619415485560.jpg,東2A館,,,
華山1914文化創意產業園區,星球樂園PLANET PARK-全境式互動樂園,202609.01(二) - 202609.30(三),,https://www.huashan1914.com/w/huashan1914/exhibition_25062714454943100,https://media.huashan1914.com/WebUPD/huashan1914/exhibition/1920x1080_25070413552160477.jpg,東3A館,2:30 PM - 5:30 PM,,
華山1914文化創意產業園區,動漫最高祭 Anime Max Festival,202606.18(四) - 202609.13(日),,https://www.huashan1914.com/w/huashan1914/exhibition_26060620531407778,https://media.huashan1914.com/WebUPD/huashan1914/exhibition/KV_%E8%8F%AF%E5%B1%B1%E5%AE%98%E7%B6%B2%E6%B4%BB%E5%8B%95%EF%BD%9C1920x1080.jpg,中7B館,11:00 AM - 7:00 PM,,
華山1914文化創意產業園區,流浪蓋婭號   WANDERING GAIA,202609.01(二) - 202609.30(三),,https://www.huashan1914.com/w/huashan1914/exhibition_24112018320160153,https://media.huashan1914.com/WebUPD/huashan1914/exhibition/1200x800_24112018255398011.jpg,東3A館,2:30 PM - 5:30 PM,,
華山1914文化創意產業園區,《果子們 特展》,202607.01(三) - 202609.30(三),,https://www.huashan1914.com/w/huashan1914/exhibition_26070917023475337,https://media.huashan1914.com/WebUPD/huashan1914/exhibition/banner_%E6%B4%BB%E5%8B%95%E4%B8%BB%E8%A6%96%E8%A6%BA1920x1080_0.jpg,中4B館1F-3.4(芳釀所),11:00 AM - 9:00 PM,,
富邦美術館,古典光影大師: 林布蘭到哥雅─托雷多美術館珍藏展 I,2026.7.18 - 2026.10.19,,https://www.fubonartmuseum.org/ExhibitionDetail?PKNO=X008B01L,https://backend.fubonartmuseum.org/Data/FUBON/Images/Exhibition/X008B01L/PictureKeyVision/OM_%E5%AE%98%E7%B6%B2_desktop_2592x1458px.jpg,富邦美術館-1樓 水景展廳,,,
富邦美術館,富邦典藏展-共鳴： 光、愛與色彩的交響,2025.12.24 - 2026.12.31,,https://www.fubonartmuseum.org/ExhibitionDetail?PKNO=X00895NY,https://backend.fubonartmuseum.org/Data/FUBON/Images/Exhibition/X00895NY/PictureKeyVision/2025-GMC-BN_Desktop.jpg,富邦美術館-3樓 日光展廳,,,
富邦美術館,富邦典藏展-常玉,2025.12.24 - 2026.12.31,,https://www.fubonartmuseum.org/ExhibitionDetail?PKNO=X0087XPM,https://backend.fubonartmuseum.org/Data/FUBON/Images/Exhibition/X0087XPM/PictureKeyVision/2_2592%20x%201458.jpg,富邦美術館-3樓 星光展廳,,,
臺北市立美術館,共感：存在的節奏,2026/05/09 - 2026/09/20,,https://www.tfam.museum/Exhibition/Exhibition_Special.aspx?ddlLang=zh-tw&id=807,https://www.tfam.museum/File/Exhibition/Main/807/2026080409282153910771.png,一樓1A~1B,2026/05/09 - 2026/09/20,,
臺北市立美術館,王雅慧：旅行者,2026/09/12 - 2027/01/03,,https://www.tfam.museum/Exhibition/Exhibition_Special.aspx?ddlLang=zh-tw&id=813,https://www.tfam.museum/File/Exhibition/Main/813/2026081415005955910013.jpg,二樓2A~2B,2026/09/12 - 2027/01/03,,
臺北市立美術館,調：心境與聲景之間,2026/07/04 - 2026/09/27,,https://www.tfam.museum/Exhibition/Exhibition_Special.aspx?ddlLang=zh-tw&id=810,https://www.tfam.museum/File/Exhibition/Main/810/2026080409294260120408.jpg,三樓3A~3B,2026/07/04 - 2026/09/27,,
臺北市立美術館,鬱卒的平面：李亦凡／第61屆威尼斯國際美術雙年展台灣館,2026/05/09 - 2026/11/22,,https://www.tfam.museum/Exhibition/Exhibition_Special.aspx?ddlLang=zh-tw&id=805,https://www.tfam.museum/File/Exhibition/Main/805/2026031708235210900287.jpg,義大利威尼斯普里奇歐尼宮,2026/05/09 - 2026/11/22,,
臺北市立美術館,北美館開放網絡計畫 TFAM Net.Open│消失的反動,2025/09/19 - 2026/12/31,,https://www.tfam.museum/Exhibition/Exhibition_Special.aspx?ddlLang=zh-tw&id=800,https://www.tfam.museum/File/Exhibition/Main/800/2026080409335836690939.png,,2025/09/19 - 2026/12/31,,
國立臺灣師範大學-師大美術館,時光逆旅－文物修護的美學與實踐,2024/7/1（二）起,,https://www.artmuse.ntnu.edu.tw/index.php/elementor-10351/,https://www.artmuse.ntnu.edu.tw/wp-content/uploads/2025/07/文保官網EDM_A款_20250627-1024x683.jpg,師大美術館 展廳 4,2024/7/1（二）起,,
國立臺灣師範大學-師大美術館,共生之華—日本美術璀璨時代與臺灣之交會,2026/06/09 Tue.－2026/09/20 Sun.,,https://www.artmuse.ntnu.edu.tw/index.php/2026symbioticsplendor/,https://www.artmuse.ntnu.edu.tw/wp-content/uploads/2026/05/製作物_線上發布各尺寸圖0525_1536x1024-1024x683.png,師大美術館 展廳1、展廳2及展廳2+ (臺北市大安區和平東路一段129號 和平校區Ⅱ),2026/06/09 Tue.－2026/09/20 Sun.,,
